<?xml version="1.0" encoding="UTF-8"?>
<TypeDbData>
    <Type>
        <Name>Normal</Name>
        <UnaffectedBy>Ghost</UnaffectedBy>
        <WeakTo>Fighting</WeakTo>
    </Type>
    <Type>
        <Name>Grass</Name>
        <Resists>Electric,Grass,Ground,Water</Resists>
        <WeakTo>Bug,Fire,Flying,Ice,Poison</WeakTo>
    </Type>
    <Type>
        <Name>Fire</Name>
        <Resists>Fairy,Bug,Fire,Grass,Ice,Steel</Resists>
        <WeakTo>Ground,Rock,Water</WeakTo>
    </Type>
    <Type>
        <Name>Water</Name>
        <Resists>Steel,Ice,Water,Fire</Resists>
        <WeakTo>Electric,Grass</WeakTo>
    </Type>
    <Type>
        <Name>Fighting</Name>
        <Resists>Bug,Dark,Rock</Resists>
        <WeakTo>Fairy,Flying,Psychic</WeakTo>
    </Type>
    <Type>
        <Name>Flying</Name>
        <UnaffectedBy>Ground</UnaffectedBy>
        <Resists>Bug,Fighting,Grass</Resists>
        <WeakTo>Electric,Ice,Rock</WeakTo>
    </Type>
    <Type>
        <Name>Poison</Name>
        <Resists>Bug,Fighting,Poison,Grass,Fairy</Resists>
        <WeakTo>Psychic,Ground</WeakTo>
    </Type>
    <Type>
        <Name>Ground</Name>
        <UnaffectedBy>Electric</UnaffectedBy>
        <Resists>Poison,Rock</Resists>
        <WeakTo>Ice,Grass,Water</WeakTo>
    </Type>
    <Type>
        <Name>Rock</Name>
        <Resists>Normal,Fire,Flying,Poison</Resists>
        <WeakTo>Fighting,Grass,Ground,Steel,Water</WeakTo>
    </Type>
    <Type>
        <Name>Bug</Name>
        <Resists>Fighting,Grass,Ground</Resists>
        <WeakTo>Fire,Flying,Rock</WeakTo>
    </Type>
    <Type>
        <Name>Ghost</Name>
        <UnaffectedBy>Normal,Fighting</UnaffectedBy>
        <Resists>Bug,Poison</Resists>
        <WeakTo>Ghost,Dark</WeakTo>
    </Type>
    <Type>
        <Name>Electric</Name>
        <Resists>Electric,Flying,Steel</Resists>
        <WeakTo>Ground</WeakTo>
    </Type>
    <Type>
        <Name>Psychic</Name>
        <Resists>Fighting,Psychic</Resists>
        <WeakTo>Bug,Dark,Ghost</WeakTo>
    </Type>
    <Type>
        <Name>Ice</Name>
        <Resists>Ice</Resists>
        <WeakTo>Fighting,Fire,Rock,Steel</WeakTo>
    </Type>
    <Type>
        <Name>Dragon</Name>
        <Resists>Electric,Fire,Grass,Water</Resists>
        <WeakTo>Dragon,Fairy,Ice</WeakTo>
    </Type>
    <Type>
        <Name>Dark</Name>
        <UnaffectedBy>Psychic</UnaffectedBy>
        <Resists>Dark,Ghost</Resists>
        <WeakTo>Bug,Fighting,Fairy</WeakTo>
    </Type>
    <Type>
        <Name>Steel</Name>
        <UnaffectedBy>Poison</UnaffectedBy>
        <Resists>Bug,Dragon,Flying,Grass,Ice,Normal,Psychic,Rock,Steel,Fairy</Resists>
        <WeakTo>Fighting,Fire,Ground</WeakTo>
    </Type>
    <Type>
        <Name>Fairy</Name>
        <UnaffectedBy>Dragon</UnaffectedBy>
        <Resists>Fighting,Bug,Dark</Resists>
        <WeakTo>Poison,Steel</WeakTo>
    </Type>
</TypeDbData>
